feature,coefficient,abs_importance
bdi_ii_baseline,2.23023386575031,2.23023386575031
age,-0.6899707672460786,0.6899707672460786
sex,-0.5040184772780264,0.5040184772780264
condition_Renal insufficiency,-0.4061461873960699,0.4061461873960699
condition_Acute coronary syndrome,-0.39230606950932434,0.39230606950932434
condition_Cancer,0.23437247271279243,0.23437247271279243
